<?xml version="1.0" encoding="UTF-8"?>
<project-private xmlns="http://www.netbeans.org/ns/project-private/1">
    <editor-bookmarks xmlns="http://www.netbeans.org/ns/editor-bookmarks/2" lastBookmarkId="0"/>
    <open-files xmlns="http://www.netbeans.org/ns/projectui-open-files/2">
        <group>
            <file>file:/C:/Users/Usuario/Downloads/MiW_Spotify_Sf/src/MiwSpotifyBundle/Resources/views/Artista/muestraArtista.html.twig</file>
            <file>file:/C:/Users/Usuario/Downloads/MiW_Spotify_Sf/src/MiwSpotifyBundle/Controller/AlbumController.php</file>
            <file>file:/C:/Users/Usuario/Downloads/MiW_Spotify_Sf/src/MiwSpotifyBundle/Controller/FavoritoController.php</file>
            <file>file:/C:/Users/Usuario/Downloads/MiW_Spotify_Sf/src/MiwSpotifyBundle/Controller/ArtistaController.php</file>
            <file>file:/C:/Users/Usuario/Downloads/MiW_Spotify_Sf/src/MiwSpotifyBundle/Entity/Favorito.php</file>
            <file>file:/C:/Users/Usuario/Downloads/MiW_Spotify_Sf/src/MiwSpotifyBundle/Controller/TemaController.php</file>
            <file>file:/C:/Users/Usuario/Downloads/MiW_Spotify_Sf/app/config/security.yml</file>
        </group>
    </open-files>
</project-private>
